<?xml version="1.0"?>
<!--
/**
 * Copyright © LTIMindtree All rights reserved.
 * See COPYING.txt for license details.
 */
-->
<config xmlns:xsi="http://www.w3.org/2001/XMLSchema-instance" xsi:noNamespaceSchemaLocation="urn:magento:framework:ObjectManager/etc/config.xsd">
    <type name="Magento\Checkout\Model\CompositeConfigProvider">
        <arguments>
            <argument name="configProviders" xsi:type="array">
                <item name="getMediaPath" xsi:type="object">
                    LTIM\ProductImageCustomizer\Model\Checkout\ProductImageConfigProvider
                </item>
            </argument>
        </arguments>
    </type>
</config>
