<?xml version="1.0"?>
<!--
/**
 * Copyright © LTIMindtree All rights reserved.
 * See COPYING.txt for license details.
 */
-->
<config xmlns:xsi="http://www.w3.org/2001/XMLSchema-instance"
        xsi:noNamespaceSchemaLocation="urn:magento:module:Magento_Config:etc/system_file.xsd">
    <system>
        <!--<tab id="mindtree" translate="label" sortOrder="20">
            <label>Mindtree</label>
        </tab>-->
        <section id="product_customizer" translate="label" sortOrder="150" showInDefault="1" showInWebsite="1"
                 showInStore="1">
            <label>Product Customizer Configurations</label>
            <tab>LTIM</tab>
            <resource>LTIM_ProductImageCustomizer::configuration</resource>
            <group id="configuration" translate="label" type="text" sortOrder="10" showInDefault="1" showInWebsite="1"
                   showInStore="1">
                <label>Product Customizer Configurations</label>
                <field id="enable" type="select" translate="label" sortOrder="10" showInDefault="1" showInWebsite="1"
                       showInStore="1">
                    <label>Module Status</label>
                    <source_model>Magento\Config\Model\Config\Source\Yesno</source_model>
                </field>
            </group>
        </section>
    </system>
</config>
