<!--
/**
 * Copyright © LTIMindtree All rights reserved.
 * See COPYING.txt for license details.
 */
-->
<schema xmlns:xsi="http://www.w3.org/2001/XMLSchema-instance"
        xsi:noNamespaceSchemaLocation="urn:magento:framework:Setup/Declaration/Schema/etc/schema.xsd">
    <table name="quote_item" resource="default" engine="innodb">
        <column xsi:type="text" name="image_customizer_path" nullable="true" comment="Image Customizer Path"/>
        <column xsi:type="text" name="image_customizer_name" nullable="true" comment="Image Customizer Name"/>
        <column xsi:type="text" name="image_customizer_description" nullable="true"
                comment="Image Customizer Description"/>
    </table>
    <table name="sales_order_item" resource="default" engine="innodb">
        <column xsi:type="text" name="image_customizer_path" nullable="true" comment="Image Customizer Path"/>
        <column xsi:type="text" name="image_customizer_name" nullable="true" comment="Image Customizer Name"/>
        <column xsi:type="text" name="image_customizer_description" nullable="true"
                comment="Image Customizer Description"/>
    </table>
</schema>
